company,market,market_ru,about,description,earnings,stage,inter_track,company_link,sbis_link
unspot,business software,программное обеспечение для бизнеса,система для бронирования офисного пространства,"система unspot – это программное обеспечение для бронирования, позволяющее сотрудникам временно резервировать для себя любое незакрепленное рабочее место в офисе компании. по помогает руководителям управлять своими подразделениями более гибко, отслеживать посещаемость работников и снижать расходы на аренду офиса. unspot позволяет: оптимизировать расходы на аренду офиса; с помощью предоставляемой аналитики понять, как сотрудники используют офис и сделать его более привлекательным для них; вырастить hr-бренд компании.преимущества: - компания демонстрирует устойчивый рост финансовых показателей;- компания обладает существенным потенциалом в условиях развития гибридного формата работы, а также обширного распространения офисов типа «коворкинг».",до 100 млн.руб,seed,True,https://unspot.com/,https://sbis.ru/contragents/9731082118/773101001
реокат,industrialtech,промышленные технологии,производят катализаторы для нефтехимии,"компания ооо «реокат» работает в области сервиса катализаторов нефтепереработки и систем аминовой очистки газов. компания специализируется на релизации проектов связанных с:1. мобильными комплексами высокоэффективной регенерации наноструктурированных катализаторов гидропроцессов нефтепереработки, включающий блок очистки отходящих газов.2. сервисе катализаторных систем: компания  оказывает услуги по выгрузке и загрузке катализаторов и адсорбентов, сульфидированию катализаторов гидроочистки.3. компания занимается очисткой аминовых растворов от механических примесей и термостабильных солей.цеолит представляет собой гранулы, длиной 3-6 мм и диаметром 1-2 мм. при эксплуатации цеолита на установках очистки или осушки в течение нескольких лет на нем накапливаются сера и углерод, которые не могут быть удалены при регенерации в процессе и снижают его емкость. цеолит выгружают из адсорберов и заменяют на новый. отработанный цеолит направляется на утилизацию. срок службы цеолита — от 6 месяцев до 4 лет.",100-500 млн.руб.,раунд а,False,https://reocat.ru/,https://sbis.ru/contragents/9731049544/501801001
workface,e-commerce,электронная коммерция,онлайн конструктор для интернет магазина,"компания специализируется на разработке приложения-конструктора для интернет магазина. решение помогает создать, настроить и запустить собственный b2b интернет-магазин. проект также включает в себя crm-систему и бизнес-аналитику. компания действует на рынке сша.",100-500 млн.руб.,раунд b,True,,
аллока,advertising & marketing,реклама и маркетинг,программа отслеживания рекламы с сайта.,"программа отслеживания рекламы с сайта. коллтрекинг помогает узнать, какая реклама работает или откуда приходят клиенты.на сайт добавляют специальный код, который определяет, с какой рекламы человек пришел на сайт.",до 100 млн.руб,pre-seed,False,https://alloka.ru/,https://sbis.ru/contragents/5262252364/526001001
инновации детям,hardware,аппаратное обеспечение,создают итерактивное оборудование для обучения детей,"playstand  — производитель интеректавно оборудование для детей, такое как интерактивный скалодром, интерактивная песочница и тд. платформа компании, предлагает разнообразные игры и развлекательные сервисы. он предоставляет пользователям доступ к широкому спектру интерактивных игр, включая видеоигры, настольные игры и головоломки. платформа предназначена для людей всех возрастов, которые заинтересованы в увлекательных и развлекательных мероприятиях.преимущества:разнообразный выбор игр: playstand.ru предлагает широкий выбор игр, гарантируя, что у пользователей будет из чего выбирать. будь то динамичные видеоигры, стратегические настольные игры или стимулирующие ум головоломки, платформа стремится предоставить что-то для всех.удобство: как онлайн-платформа playstand.ru позволяет пользователям получать доступ к играм и развлекательным сервисам, не выходя из собственного дома. нет необходимости посещать физические магазины или проходить через хлопотные процессы установки. пользователи могут просто войти на платформу и начать играть.",100-500 млн.руб.,раунд а,True,https://playstand.ru/contacts/,https://sbis.ru/contragents/7448159903/744801001
doczilla,business software,программное обеспечение для бизнеса,платформа управления документами с помощью ai.,"doczilla.pro — это платформа управления документами с помощью ai, которая предоставляет различные решения, связанные с обработкой документов и совместной работой. несколько возможных решений, которые может предложить doczilla.pro:создание и редактирование документов. платформа, предоставляет инструменты и функции для создания и редактирования документов. пользователи могут иметь возможность создавать профессионально выглядящие документы, такие как отчеты, контракты или презентации, используя шаблоны или индивидуальный дизайн. платформа также может предлагать возможности форматирования текста, стилизации и редактирования.хранение и организация документов: doczilla.pro может предложить облачную систему хранения, в которой пользователи могут безопасно хранить и упорядочивать свои документы. платформа может предоставлять такие функции, как папки, теги и функции поиска, чтобы помочь пользователям эффективно управлять своими файлами и находить их.преимуществами компании являются кейсы с корпорациями ""мтс"" и ""сбер"".",до 100 млн.руб,seed,True,https://doczilla.pro/,https://sbis.ru/contragents/7709923315/770401001
ailet,retailtech,розничная торговля,аналитика полочного пространства,"поставщик аналитических услуг на базе технологии распознавания изображений, лидер рынка рф по количеству клиентов и выручке. помогают клиентам в сфере fmcg, фармы и ритейла повысить операционную эффективность и увеличить продажи за счет оцифровки полочного пространства. компания предлагает решение по оптимизации процесса инвентаризации, мониторинга цен, использование обширных аналитических инструментов bi для повышения эффективности, продаж и прибыльности в торговых точках с помощью решений распознавания изображений",100-500 млн.руб.,раунд b,True,https://ailet.ru/,https://sbis.ru/contragents/7731324003/773101001
трайсэл солюшнс,industrialtech,промышленные технологии,инновационная технология производства спг,"компания специализируется  поиске и разработке энергоэффективных технологических решений для комплексной реализации проектов в нефтяной и газовой отраслях промышленности.ключевые решения – технология мало- и среднетоннажного производства сжиженного природного газа (спг), основанная на цикле одноконтурного охлаждения смешанным хладагентом (технология ts-smr) и технология крупнотоннажного производства спг, основанная на применении инновационного метода прямого впрыска хладагента в газовый поток на этапе предварительного охлаждения сырьевого газа (технология dri).преимуществом компании является уникальная технология российского производства, также тот факт, что отдельные технологические решения включены в перечень наилучших доступных технологий в газодобывающей промышленности российской федерации и утверждены росстандартом (итс 29-2017 «добыча природного газа»).",до 100 млн.руб,раунд а,False,https://navigator.sk.ru/orn/1121253,https://sbis.ru/contragents/5190054459/519001001
джи-тэк,industrialtech,промышленные технологии,инновационная технология производства спг,"компания специализируется на производстве комплекса локальной малотоннажной переработки пнг в коммерчески значимые продукты – в целях поднятия доходности объектов нефтегазовой отрасли, малых, средних и /или удаленных месторождений.результатом деятельности комплекс переработки пнг будут товарные продукты:• этилен – ацетиленовая газовая смесь (эагс);• ароматические углеводородов бензол-толуоловой группы (бтг)а также тепловая и электрическая энергия.главным блоком комплекса является блок электрохимической активации и конверсии углеводородов.разрабатываемый комплекс малотоннажной газохимической переработки g-tech предназначен для работы на пунктах сепарации и получения товарных продуктов пнг:- очищенная стабильная этилен-ацетиленовая газовая смесь;- ароматические углеводороды — опционально;- сера комковая/гранулированная — опционально;- электрическая и тепловая энергия — опционально;- водород и кислород в топливный газ для улучшения энергобаланса комплекса.основой комплекса g-tech является блок электрохимической активации и конверсии углеводородов.ожидаемая кинетика процессов: конверсия до 30 % в однопроходном исполнении и до 80 % в случае применения рецикла.компания провела эксперименты, предварительные расчёты, нир по электрохимической активации метана и подтвердили концепцию.сейчас компания находится на стадии поиска источника инвестиций, для того чтобы совместно с промышленными партнёрами, заинтересованными внедрении комплекса на своих месторождениях, провести ниокр и подготовиться к серийному производству .успешное применение комплекса g-tech будет обеспечиваться минимальными затратами на opex, благодаря радикальному сокращению количества расходных материалов и потребности во внешней инфраструктуре.",до 100 млн.руб,seed,False,https://g-tech.energy/,https://sbis.ru/contragents/8601070631/860101001
максинвент,industrialtech,промышленные технологии,инновационная технология обеззараживания воды,"компания специализируется на  разработке инновационной технологии воздействия электромагнитным полем на обрабатываемые жидкие и твердые вещества в присутствии ферромагнитных элементов и наночастиц металлов и их соединений. при обработке происходит деионизация, обеззараживание и обезгаживание воды и уничтожается патогенная микрофлора и микроорганизмы, удаление тяжелых металлов, а также очистка жидких отходов.преимуществом компании является инновационная разработка, которая была протестирована в течение длительного периода времени испытания. эффективность решения была подтверждена потенциальными партнерами (пао «газпром нефть», ассоциацией нефтепереработчиков, ао «татнефть», различными предприятиями нефтепереработки).",до 100 млн.руб,раунд а,False,https://navigator.sk.ru/orn/1123424,https://sbis.ru/contragents/7707838199/772901001
нпо теххиммаш,industrialtech,промышленные технологии,инновационная технология обеззараживания воды,"компания специализируется на разработке высокотехнологичных инновационных фильтрационных установок для очистки воды. технология компания строится на тонкой (до 2 микрометров) механической фильтрации широкого спектра жидкостей и газов (от воды до взрывоопасных и горячих сред) с уникальной системой автоматической регенерации фильтрующего элемента высоким давлением.преимуществом компании является уникальная технология, которая может быть использована во всех отраслях промышленности, а ее внедрение позволяет решать задачи по энергоэффективности, импортозамещению, а также способствует снижению операционных затрат и экологической нагрузки предприятий.",до 100 млн.руб,раунд а,False,https://navigator.sk.ru/orn/1124681,https://sbis.ru/contragents/7813216591/781301001
космо спг,industrialtech,промышленные технологии,получение сверхчистого водорода,"компания специализируется на производстве установок для получения сверхчистого водорода из природного газа. компания использует собственные мультиклапанные фильтрационные разработки. технологическое ядро компании – процесс плазменного пиролиза в бескислородной среде, предотвращающий образование частиц углекислого газа. чистота водорода на выходе составляет 99,99%. компания использует мультиклапанную систему,  которая позволяет заправлять водород под высоким давлением, контролировать давление и температуру в баллоне, а также обеспечивать на выходе низкое давление. в заводском производстве потока сверхчистого водородного продукта, содержание оксида углерода в газовой смеси, полученной комбинацией частичного окисления и парового риформинга углеводородного сырья, будет превращаться в водород путем реакции каталитического сдвига с паром, которая дает co2 в качестве побочного продукта. данная система может достигать извлечения водорода выше 95% от всего возможного производства h2 в синтез-газе, полученном как из h2, так и из содержания co, в виде чистого водородного продукта при высоком давлениипреимуществом компании является наличие большого количества собственных технологических разработок, патентов и научных исследований. также представители компании находятся в постоянной тесной коммуникации с ведущими научными институтами, что обеспечивает постоянное развитие внутренних ниокр.",до 100 млн.руб,раунд а,False,https://kosmos-sp.ru/#production,https://sbis.ru/contragents/9718181832/771801001
кафедра газонефтетранспортных систем и оборудования нефтяной и газовой промышленности,industrialtech,промышленные технологии,получение сверхчистого водорода,"проект специализируется на установке регенерации метанола. процесс регенерации метанола из водных растворов без применения методовтепловой сепарации обусловлен использованием синтетических цеолитов в качестве адсорбирующего вещества. попадая в блок адсорберов, водометанольная смесь подвергается адсорбции, в результате которой происходит избирательное поглощение молекул воды слоем цеолита. при этом цеолиты способны к поглощению других молекул без изменения в собственной кристаллической структуре, благодаря своей развитой внутренней поверхности. избирательное поглощение молекул воды обусловлено размерами пор цеолита. использование синтетического цеолита позволяет снизить энергозатраты на регенерацию метанола, повысить экологичность и технологическую безопасность процесса регенерации метанола, так как не требует условий высоких температур и оснащения большим количеством технологического оборудования.установка работает следующим образом. смесь углеводородов и водометальногораствора, после осушки природного газа поступает в трехфазный сепаратор, отделившиеся углеводороды, которые перешли в газовую фазу собираются в верхнее части сепаратора, проходят через устройство улавливания капельной жидкости и выводятся через штуцер выхода жидких углеводородов, жидкость, проходя устройство распределения и гидродинамической опалесценции, равномерно распределяется по всему сечению сепаратора и вследствие разницы удельного веса разделяется на метанол и воду, отделившаяся вода скапливается в нижней части сепаратора и отводится через штуцер.регенерация синтетического цеолита в адсорберах осуществляется природным газом, азотом, метаном или атмосферным воздухом при температуре 200-250°с. после регенерации газ регенерации попадает в двухфазный сепаратор , где от газа отделяют жидкую фазу и подают ее на испаритель. газ при этом подают в аппарат воздушного охлаждения 9, а после аппарата воздушного охлаждения обратно на блок адсорберов для охлаждения адсорбента после процесса регенераций.",до 100 млн.руб,pre-seed,False,https://kubstu.ru/s-217,
карбонсайкл,industrialtech,промышленные технологии,переработка co2,"компания специализируется на улавливании co2 и его переработки. технология подразумевает использование углекислого газа, образующегося в результате деятельности промышленных предприятий, и отходов металлургического производства (шлаков) в качестве сырья при производстве продукции строительного назначенияпреимуществом компании является наличие технологии создания сырья из переработанного co2. данное решение может быть использовано на различных промышленных предприятиях, что позволит снизить их углеродный след и повысить конкурентоспособность в условиях постоянного ужесточения требований по снижению выбросов со2.",до 100 млн.руб,pre-seed,False,https://navigator.sk.ru/orn/1124505,
тюмнт,industrialtech,промышленные технологии,катализаторы для нефтехимии,"компания специализируется на изготовлении, производстве, химических реагентов для нефтегазовой отрасли. линейка нефтепромысловой химии компании включает в себя химические реагенты для бурения скважин, добычи, транспортировки, подготовки нефти, а также для защиты нефтепромыслового оборудования и трубопроводов от коррозии, и других отложений. деойлер “тюмнт-део” предназначен для очистки воды от масел, нефти, нефтепродуктов, разделения водонефтяных эмульсий, а также для улучшения органолептических и химических показателей качества при очистке природных и сточных вод промышленных предприятий. деэмульгаторы серии «тюмнт-дэ» предназначены для применения в процессах кислотных обработок призабойных зон скважин (опз, бопз, бско, матричные бопз) и кислотного гидроразрыва пласта (кгрп) с целью снижения риска образования стойкой нефтекислотной эмульсии. механизм действия реагента основывается на снижении поверхностного натяжения границ раздела нефть-кислота, таким образом минимизируя вероятность получения при освоении высоковязкой эмульсии. представляет собой раствор неионогенных поверхностно-активных веществ в среде метанола. ключевыми продуктами компании являются особые реагенты, помогающие корпорации снижать риск образования стойкой нефтекислотной эмульсии и повышающие качество подготовки нефти, предотвращает образование промежуточных слоев. также стоит отметить, что технология компании помогает снижаеть температуру застывания сырых нефтей и мазутов, снижает или полностью исключает необходимость в дистиллятных материалах при транспортировке и хранении тяжелых материалов.",до 100 млн.руб,раунд а,False,https://tyumnt.ru/,https://sbis.ru/contragents/7203440419/720301001
нпо биомикрогели,industrialtech,промышленные технологии,катализаторы для нефтехимии,"компания специализируется на производстве химических реагентов для очистки от нефти. это субмикронные частицы полисахаридов, полученные из вторичныхпродуктов сельскохозяйственной переработки: яблочного и свекловичного жома, целлюлозы, крахмала, обладающие обратимой растворимостью. эффективно улавливают в воде нефть и нефтепродукты, минеральные ирастительные масла, животные жиры. экологически безопасный реагент из природных полисахаридов, копулирующий нефтепродукты и позволяющий легко отделить их от воды. флокулянты добавляют в жидкость после коагулянтов, чтобы укрупнить и уплотнить осадок, который получился в результате коагуляции. но в ряде случаев они могут применяться без коагулянтов и сначала собирают примеси, а потом формируют из них флокулы. флокуляция – это вид коагуляции. она тоже объединяет мелкие взвешенные частицы в группы и образует осадок, но между этими процессами есть отличия. коагулянты снимают с частиц заряд, и они уже могут сталкиваться друг с другом и образовывать группы. флокулянты соединяют эти группы полимерными мостиками. для коагуляции используют соли металлов: хлорид железа, сульфат железа, хлорид алюминия, сульфат алюминия и другие. во флокуляции применяют, в основном, органические вещества: анионные, катионные, амфотерные флокулянты на основе полиакриламида, акрилата и других веществ. коагуляция требует в десять раз больше реагентов, чем флокуляция. если на литр жидкости нужно 20 мг коагулянта, то флокулянта – 1–2 мг. в процессе флокуляции образуется более крупный осадок, чем при коагуляции, его проще отделить от жидкости. если сравнивать коагуляцию и флокуляцию, то преимущество последней – это более компактный, плотный осадок и, как следствие, более прозрачная вода.это преимущество позволяет: реже обслуживать и ремонтировать систему фильтрации, потому что в воде нет мелких частиц, которые забивают фильтр.быстрее отфильтровывать крупный осадок, экономить время на процессах, которые снижают цветность и мутность воды. это помогает обрабатывать больше жидкости.",до 100 млн.руб,раунд b,False,https://biomicrogel.com/ru/,
вилмари,industrialtech,промышленные технологии,цифровой двойник обородуования,"компания специализируется на разработке по для цифровизации процесса работы буровых инструментов. ключевым продуктом компании является система арби (анализ работы бурового инструмента).преимуществом продукта является закрытие продуктом всей цепочки процессов, связанных с управлением буровым инструментом, в частности: управления, складского учёта и логистики буровым инструментом (би); учёта и контроля фактической эксплуатации би; прогнозирования дальнейшего поведения би в эксплуатации; исключения/минимизации аварийных ситуаций и финансовых потерь.",до 100 млн.руб,раунд а,False,https://www.spgholding.ru/arbi,https://sbis.ru/contragents/6685023448/667001001
ртсим,industrialtech,промышленные технологии,цифровая платформа для обучения сотруднков,"компания ооо «rtsim» разрабатывает платформу для быстрого создания динамических цифровых близнецов для процессов переработки нефти и газа. динамические цифровые близнецы компании основаны на математическом моделировании гидравлики, тепломассообмена, физической химии и других аспектах химической технологии. преимуществом данной компании является, то что разработанная платформа создания цифровых двойников «rtsim», по результатам внедрений тренажеров на производствах идет непрерывное улучшение платформы и может быть использована в целом для цифровизации процесса работы клиентов заказчика.",до 100 млн.руб,раунд а,False,https://rtsim.ru/,https://sbis.ru/contragents/1655298774/773101001
субтех,industrialtech,промышленные технологии,производство сушильного оборудования для пищевой промышленности,"компания специализируется производстве промышленных и лабораторных сублиматоров.компания занимается разработкой и производством дегидратационной техники для различных отраслей промышленности. кроме того, проектирует и изготавливает сублимационное и сушильное оборудование под заказ.технология сублимационной сушки является очень перспективной. с каждым годом к ней большой интерес с разных сторон. в россии практически нет производителей сублиматоров и нет технологии и знаний по их производству. в основном все сублиматоры в нашей стране импортируются из других стран и стоят огромных денег. наша компания занимается разработкой оборудования и популяризацией технологии. компания производит сублиматоры для разных целей и задач, изучает технологию, разрабатывает софт, экспериментирует с методами нагрева и конструкциями установок. на данный момент разработаны и произведены три разные установки. одна с малой площадью полок, бытовая серия. вторая на экспорт для сублимации кобыльего молоко, с радиационным методом нагрева. еще одна на внутренний рынок с охлаждаемыми полками для сублимации азотных бактерий. также ведется ниокр по лабораторной установке. основные цели компании. компания должна стать лидером в россии по производству сублиматоров, как промышленных так и бытовых, лабораторных. продолжить исследовательскую работу по сублиматорам для фармацевтики, лабораторий, для переработки и утилизации отходов в частности по шнековым сублиматорам.преимуществом компании является инновационная технология, которая может интегрироваться в производственный цикл заказчика.",до 100 млн.руб,раунд а,False,https://subteh.com/,https://sbis.ru/contragents/1660352459/166001001
t-soft,industrialtech,промышленные технологии,по для автоматизации производственных процессов для нефтегазовой отрасли,"компания специализируется на разработке и внедрении новых инновационных решений на промышленных предприятиях нефтеперерабатывающей и химической отрасли. продукты компании увеличивают уровень автоматизации, надежности и безопасности технологических объектов, а также экономические показатели.преимуществом компании является синергия ученых, инженеров и технологов, которые уже много лет совершенствуют технологические и цифровые продукты компании, что отражается в высоком уровне надежности и безопасности.",500-1000 млн.руб,раунд с,False,https://www.t-soft.ru/,https://sbis.ru/contragents/7810096046/781001001
bim-cluster,constructiontech,строительные технологии,платформа для контроля строительства,"платформа по проверке и использованию данных информационных моделей зданий для контроля сроков, стоимости и качества инвестиционно-строительных проектов.",до 100 млн.руб,seed,False,https://bimcl.ru/,https://sbis.ru/contragents/6670474127/667101001
bitok,web3,технология веб3,крипто-анализатор,"сервис для контроля, учета и аналитики криптовалют.",до 100 млн.руб,seed,True,https://bitok.org/,
cera,retailtech,розничная торговля,аналитика в ритейле,"платформа, которая автоматизирует ключевые процессы в ритейле с помощью компьютерного зрения и ии.",до 100 млн.руб,seed,False,https://ceramarketing.com/,https://sbis.ru/contragents/7806521523/772701001
cleverence,retailtech,розничная торговля,по для автоматизации ритейла,программное обеспечение для мобильных компьютеров со специальными сканерами штрихкодов для работы на складах и в магазинах.,100-500 млн.руб.,раунд а,True,https://ceramarketing.com/,https://sbis.ru/contragents/7806521523/772701001
edpro,edtech,образовательные технологии,система управления обучением,гибкая lms платформа онлайн-обучения для экспертов и школ.,100-500 млн.руб.,раунд а,False,https://edprodpo.com/,
merusoft,business intelligence,бизнес аналитика,упрвление офисом,"система управления офисным пространством для бизнес-центров, офисов и компаний.",до 100 млн.руб,seed,True,https://merusoft.ru/,
mitigator,cybersecurity,информационная безопасность,защита от ddos атак,"инструмент для защиты от ddos-атак, предназначенный для операторов связи, хостингов, корпоративных клиентов и поставщиков услуг цифровой безопасности.",до 100 млн.руб,seed,False,https://mitigator.ru/,
mygig,business software,программное обеспечение для бизнеса,массовый headhunter,"сервис для поиска подработок и временной занятости для массовых профессий (продавцы, курьеры, грузчики, водители и т.д.) с быстрыми выплатами.",до 100 млн.руб,seed,False,https://mygig.ru/,
nopaper,business intelligence,бизнес аналитика,автоматизация документов,"документооборот в смартфоне: отправить и подписать документ так же просто, как перевести деньги по номеру телефона. в приложении вы можете выпустить бесплатную электронную подпись и подписывать документы из любой точки мира.",до 100 млн.руб,seed,True,https://nopaper.ru/,
novobi,business software,программное обеспечение для бизнеса,автоматизация поставок,разработчик цифровой системы novo forecast enterprise для прогнозирования спроса и интегрированного планирования в цепях поставок. наши клиенты — крупные производственные и дистрибьюторские компании.,до 100 млн.руб,seed,False,https://novobi.ru/ru/,
peopleknow,business software,программное обеспечение для бизнеса,автоматизация сбора обратной связи,digital-платформа для проведения исследований и сбора обратной связи клиентов и сотрудников.,до 100 млн.руб,seed,True,https://www.peopleknow.ru/,
primorpa,business software,программное обеспечение для бизнеса,роботизация,"платформа в интересах бизнеса, специалистов ит и блоков цифровой трансформации, которым для решения задач сокращения участия человека в бизнес-процессах компаний необходимо иметь набор  инструментов для роботизации, реализующий ключевые функции роботизации процессов и интеграционных сценариев.",до 100 млн.руб,seed,False,https://primo-rpa.ru/,
servicepipe,cybersecurity,информационная безопасность,защита от киберугроз,"компания, развивающая инновационные решения по защитите от современных киберугроз как отдельных веб-ресурсов, так и всей сетевой инфраструктуры организаций. благодаря обширному опыту отражения кибератак любого объема и типа компания проводит нагрузочные и стресс-тесты, находит критические уязвимости в периметре безопасности.",100-500 млн.руб.,раунд а,False,https://www.servicepipe.ru/,https://sbis.ru/contragents/7708257951/772201001
skillfolio,hrtech,технология найма людей,диагностика кадров,цифровая платформа диагностики и развития soft skills.,до 100 млн.руб,seed,False,https://skillfolio.ru/,https://sbis.ru/contragents/9705121931/771001001
teletarget,telecom & communication,телекоммуникации и связь,лиды с тв-рекламы,"интерактивная реклама в тв-эфире. наши форматы позволяют дополнить и обогатить рекламные ролики, собрать лиды с экрана тв прямо во время трансляции. наш сервис позволяет найти целевую аудиторию среди телезрителей и эффективней использовать рекламный бюджет. мы используем собственные разработки на базе стандарта hbbtv.",до 100 млн.руб,pre-seed,False,https://teletarget.com/,
voxqube,media & entertainment,СМИ и развлечения,озвучка посредством синтеза речи,сервис мультиязычного озвучивания аудиовизуального контента посредством синтеза речи.,до 100 млн.руб,seed,True,https://cyrillica.ru/voxqube.html,
metascan,cybersecurity,информационная безопасность,saas для защиты корпораций от кибератак,saas для защиты корпораций от кибератак.,до 100 млн.руб,pre-seed,False,https://metascan.ru/,
top,edtech,образовательные технологии,академия для it,"очная и дистанционная академия it-образования для взрослых и детей с направлениями обучения в области программирования, графического дизайна, компьютерных сетей и безопасности, интернет-маркетинга и soft skills.",до 100 млн.руб,pre-seed,False,https://msk.top-academy.ru/,
securitm,cybersecurity,информационная безопасность,тестируют кибер-защиту компании,"b2b сервис, который решает проблемы управления информационной безопасностью компании в рамках единой платформы автоматизации. в качестве основного преимущества выделяется фокус на анализ защищенности компании от кибер атак и угроз изнутри предиктивным способом через оценку рисков.",до 100 млн.руб,pre-seed,False,https://securitm.ru/,
cyberpeak,cybersecurity,информационная безопасность,система защиты неструктурированнных данных,"система защиты неструктурированных данных. технологии машинного обучения позволяют выявлять нетипичные поведения сотрудников по отношению к неструктурированным данным, решая такие задачи как массовое удаление данных, аномальное изменение привилегий доступа, определение бизнес владельцев документов и другие.",до 100 млн.руб,pre-seed,False,https://cyberpeak.ru/,https://sbis.ru/contragents/9725025175/772501001
стингрей,cybersecurity,информационная безопасность,тестируют безопасность мобильных приложений,"система для поиска уязвимостей и автоматизации тестирования информационной безопасности мобильных приложений. продукт основан на собственной технологии записи и воспроизведения автотестов. позволяет настраивать необходимый уровень защищенности мобильного приложения, а также видеть статистику по ряду приложений в реальном времени.",до 100 млн.руб,pre-seed,False,https://1va.vc/about/projects/proekty_527.html,
hologroup,business software,программное обеспечение для бизнеса,ar/vr for enterprise,"компания по разработке голографических продуктов и решений для смешанной реальности на базе microsoft hololens, использующиеся для демонстрации архитектурных концепций, голографических экскурсий и презентаций.",до 100 млн.руб,pre-seed,False,https://holo.group/en/,https://sbis.ru/contragents/5024167801/773101001
crabler,business software,программное обеспечение для бизнеса,подписка на городские сервисы,"приложение для резидентов объектов недвижимости с маркетплейсом ежедневных сервисов. они подключают как известные городские сервисы, так и создаем новые.",до 100 млн.руб,pre-seed,False,https://promo.crabler.com,https://sbis.ru/contragents/7724448400/770501001
вдело,fintech,финансовые технологии,платформа для инвестирования,"инвестиционная платформа « вдело » – первая инвестиционная платформа, созданная инфраструктурой поддержки предпринимательства. платформа предоставляет возможность частным инвесторам вкладывать деньги в малый и средний бизнес через выдачу займов. все операции онлайн. займы на любые цели. для инвесторов – бесплатно. для заемщиков – комиссия при выдаче займов.",до 100 млн.руб,pre-seed,False,https://vdelo.pro,https://sbis.ru/contragents/6623134596/662301001
arknet,cybersecurity,информационная безопасность,реагирования на кибератаки,разработчик автоматизированных систем обнаружения и реагирования на кибератаки для предприятий критической информационной инфраструктуры.,до 100 млн.руб,pre-seed,False,https://www.avatecsoft.ru/,https://sbis.ru/contragents/9729294972/773101001
mybi,business software,программное обеспечение для бизнеса,большие данные,etl-сервис для работы с большими данными.,до 100 млн.руб,pre-seed,False,https://mybi.ru/,https://sbis.ru/contragents/7743218786/774301001
ncv,business software,программное обеспечение для бизнеса,поддержка приянтяи решений,компания создает информационные системы для поддержки принятия решений топ-менеджмента крупных корпораций. разработчик прототипа единой платформы для управления бизнес-процессами корпораций в виде облачного решения - valtron.,до 100 млн.руб,pre-seed,False,https://naviz.ru/,https://sbis.ru/contragents/7704458752/770401001
business architect,business software,программное обеспечение для бизнеса,моделирования бизнес-процессов,"business architect - платформа для моделирования и автоматизации бизнес-процессов, включающая в себя модуль визуализации, инструменты захвата (записи) бизнес-процессов, средства исполнения сценариев бизнес-процессов (программный робот) и оркестратор, позволяющий осуществлять управление сложными бизнес-процессами.",до 100 млн.руб,pre-seed,False,https://symma.pro/xx0104/business_mathematics,https://sbis.ru/contragents/9701162398/770101001
graviton,business software,программное обеспечение для бизнеса,low code для it,enterprise low-code платформа для быстрой реализации it-емких проектов цифровой трансформации,до 100 млн.руб,pre-seed,False,https://gravitonum.com/,https://sbis.ru/contragents/9731075537/773101001
salespilot,business software,программное обеспечение для бизнеса,конструктор коммерческих предложений,"онлайн-конструктор коммерческих предложений со встроенной аналитикой.повышение конверсии в сделку на 20%, ускорение цикла сделки на 30%, уменьшение времени на подготовку кп 50%.",до 100 млн.руб,pre-seed,False,http://salespilot.ru/,https://sbis.ru/contragents/9721111433/772101001
куапп,cybersecurity,информационная безопасность,алгоритмы для информационной безопасности,"решение информационной безопасности на основе квантово-устойчивых алгоритмов шифрования — данные решения позволяют защищать ценные данные бизнеса, государства и физических лиц от кибератак с применением как классических, так и квантовых компьютеров.",до 100 млн.руб,pre-seed,False,https://qapp.tech/,https://sbis.ru/contragents/9731047258/773101001
weeek,business software,программное обеспечение для бизнеса,сервис для управления командами,cервис для управления личными и командными проектамироссийский аналог trello.,до 100 млн.руб,pre-seed,False,https://weeek.net/ru,https://sbis.ru/contragents/7722489513/772201001
cloudduo,business software,программное обеспечение для бизнеса,разработка веб-сервисов,"у компании есть ряд продуктов - флагманский это:2nets app platform – платформа разработки приложений. она позволяет создавать приложения и веб-сервисы, интегрировать их посредством чат-ботов в мессенджер и медиа-платформу.2nets предоставляет клиентам набор инструментов и сервисов для создания мобильных и веб-приложений, обладающих функциональным возможностями суперприложения (super app).",до 100 млн.руб,pre-seed,False,https://www.clouduo.ru/,https://sbis.ru/contragents/2635816194/263401001
комбинатор про,business software,программное обеспечение для бизнеса,система создания документов,"система создания документов на основе умных шаблонов без знания программирования. исключает ошибки при создании документов. ускоряет подготовку в 5 раз.бизнес-модель: продажа подписок, готовых пакетов шаблонов под узкие ца, услуги по внедрению и разработке индивидуальных шаблонов.",до 100 млн.руб,pre-seed,False,https://www.kombinator.pro/,https://sbis.ru/contragents/2221040598/222401001
dialext,business software,программное обеспечение для бизнеса,речевая аналитика,"облачный сервис речевой аналитики. автоматизирует задачу контроля качества переговоров по телефону отдела продаж.автоматический аудит 100% телефонных звонков.особенности:• глубокая речевая аналитика с использованием ml;• разделение на менеджера и клиента даже в одноканальной записи;• 100% интеграция с crm;• построение профиля компетенций, отслеживание динамики развития сотрудников.",до 100 млн.руб,pre-seed,False,https://www.dialext.com/,https://sbis.ru/contragents/3812526191/381201001
statanly technologies,business software,программное обеспечение для бизнеса,сегментирование клиентской базы,"statanly technologies — компания занимается разработкой систем и сервисов на базе машинного обучения и искусственного интеллекта. одним из важных решений компании является прогнозная система оттока клиентов, позволяющая на ранней стадии выделять сегменты клиентской базы, которые склонны к оттоку.",до 100 млн.руб,pre-seed,False,http://churn.statanly.com/,https://sbis.ru/contragents/7805729198/780501001
stopphish,cybersecurity,информационная безопасность,проверка безопасности компании,"платформа по выявлению сотрудников, уязвимых к социальной инженерии и фишингу, система отправляет ловушки сотрудникам и обучает тех, кто ""попался"".планируем внедрить ии, чтобы он ""взламывал"" сотрудников и максимально приблизить атаки к хакерским, но уже сейчас мы снижаем риск взлома в 20+ раз.тестировали продукт с ростех, росатом, amway, роскачество, и еще 20+ организаций.",до 100 млн.руб,pre-seed,False,https://stopphish.ru/,https://sbis.ru/contragents/1103046305/110301001
харт.зон,medtech,медицинские технологии,мониторинг экг,"компания разработала технологию непрерывного мониторинга электрокардиограммы (экг) для носимых устройств и аксессуаров, таких как наушники, очки, часы, головные уборы, аксессуары для одежды и ювелирные изделия.технология непрерывного мониторинга экг heart.zone™ позволяет следить за нагрузкой на сердце в режиме реального времени и предупреждать пользователя о сердечном стрессе.микромодуль heart.zone™ — это миниатюрный одноканальный датчик экг с электродами в берушах. он предназначен для интеграции в наушники.",до 100 млн.руб,pre-seed,False,https://web.archive.org/web/20220306073156/https://navigator.sk.ru/orn/1122041,
нейрокс,medtech,медицинские технологии,мониторинг спортсменов,"нейротрекер для мониторинга, прогнозирования и управления психофизическим состоянием спортсмена с биологической обратной связью. нейротрекер относится к средствам диагностики психофизиологического состояния человека в покое и процессе профессиональной деятельности и может быть использовано как в домашних условиях, так и спец учреждениях (фитнес-центры, клиники, оздоровительные центры), а также для автоматического контроля состояния операторов, в частности водителей транспортных средств.",до 100 млн.руб,pre-seed,False,http://www.neyrox.com/,
myangelvitalsigns,medtech,медицинские технологии,мониториг электрокардиограммы,"устройство myangel vitalsigns предназначено для отслеживания жизненно важных показателей - электрокардиограммы (3-х электродный экг), spo2, температуры тела в районе сердца, частоты сердечных сокращений и дыхания, и, что очень важно, артериального давления. система построена таким образом, что при любых признаках ухудшения здоровья, которое оценивается по этим параметрам, она немедленно отправляет сигнал на смартфон пользователя и контактам, внесенным в специализированный список.для контроля жизнедеятельности человека myangel vitalsigns проводит комбинаторный анализ физических параметров, а преобразованную информацию непрерывно передает врачам в соответствии с их специализацией и прерогативами.",до 100 млн.руб,pre-seed,False,https://evercare.ru/myangel-vitalsigns,
кардиокварк,medtech,медицинские технологии,мониторг экг,"система кардиомониторинга cardioqvark, это устройство для нятие показаний экг. выполненное в виде чехла для телефона, что позволяет пациенту носить данное устройство всегда с собой, а также позволяет подключать его к сети интернет,wifi.",до 100 млн.руб,pre-seed,False,https://cardioqvark.ru/,
интерсел рэнд,medtech,медицинские технологии,измерение сахара,"«lcm biosensor» – новый неинвазивный глюкометр для бескровного измерения сахара крови и ранней диагностики сахарного диабета 2 типа.метод основан на высокоточных измерениях осмотического давления межклеточного вещества живой ткани. он разработан на базе научного открытия гетерофазного конденсированного состояния межклеточного вещества живой биологической ткани.прототип монитора «lcm biosensor» представляет собой мультисенсорное устройство, в котором технология межклеточного осмотического биосенсора (intercellular osmotic biosensor) интегрирована с технологией микрокалориметра межклеточной гидродинамики (intercellular microfluidics calorimeter).",до 100 млн.руб,pre-seed,False,https://rdintercell.com/,
gordi,medtech,медицинские технологии,генетическая идентификация,"разработчик высокотехнологичных решений в области молекулярной биологии и медицины. производитель продукции для молекулярно-генетической идентификации личности на основе мультиплексного анализа str-локусов хромосомной днк, а также разработчик решений для индивидуализации и идентификации животных.одной из разаработок компании явялется инновационные наборы реагентов для пцр диагностики.",до 100 млн.руб,pre-seed,False,https://gordiz.ru/products/medicine/,
эпигенлаб,medtech,медицинские технологии,днк диагностика,"эпигенетическая днк диагностика: проект, который предполагает разработку пцр тест-систем для диагностики заболеваний, связанных с эпигенетическими изменениями. к ним относятся как возрастные заболевания, такие как онкология, так и ряд других , например, covid-19 . анализ производится на днк крови. команда обладает собственной технологической платформой на базе нового класса ферментов для быстрой разработки тестов.",до 100 млн.руб,pre-seed,False,https://epigenlab.com/ru/,
джейвис диагностикс,medtech,медицинские технологии,выявление ранней стадии онкологии,"разработка in vitro диагностического теста на выявление ранних стадий онкологических заболеваний на основе сыворотки крови.клинические исследования с использованием нового маркера эпителиальных карцином мэк показали высокую чувствительность теста при 95% специфичности при выявлении ранних стадий рпж, рмж, ря и при мониторинге химиотерапии iii и iv стадий эпителиальных опухолей.",до 100 млн.руб,pre-seed,False,http://www.oncomarker.ru/about-us/,
онкоюнайт клиникс,medtech,медицинские технологии,тест-система лечения меланомы,"компания занимается разработкой тест-системы для раннего обнаружения и мониторинга эффективности лечения меланомы на основе экзосомальных микрорнк, и разработка терапевтических агентов",до 100 млн.руб,pre-seed,False,https://oncounite.com/,
иглу,medtech,медицинские технологии,диагностика с помоощью экспресс-тестов,"igloo - комплекс для in vitro диагностики на базе иммунохроматографических экспресс-тестов, реализующий на практике принципы машинного обучения и компьютерного зрениясистема создана для работы с тестами на основе иха и позволяет быстро добавлять новые тесты в линейку, на основе алгоритмов анализа больших данных (5pl регрессий).также указано, чтоцитата:нами разработана система для проведения рефлекто-фотометрии крови, слюны и других жидкостей пациентов с использованием иммунохроматографических методов.",до 100 млн.руб,pre-seed,False,https://navigator.sk.ru/orn/1123991,
аккофриск,medtech,медицинские технологии,определение уровня глюкозы,"acc of risk™ - это доступная, неинвазивная, беспроводная платформа для определения уровня глюкозы. наша революционная технология позволяет людям с диабетом точно контролировать уровень глюкозы в крови для лучшего управления своим состоянием.показания уровня глюкозы можно снимать время от времени или постоянно в течение дня, и результаты мгновенно отображаются на устройстве или могут передаваться через bluetooth в мобильное приложение, где пользователь может управлять данными и получать оповещения.",до 100 млн.руб,pre-seed,False,https://www.accofrisk.com/en/https://www.bodyvo.com/,
demetraai,medtech,медицинские технологии,анализ клеток,"программное обеспечение для автоматизированного анализа морфологии клеток цифровых цитологических микропрепаратов, используемое для поддержки принятия врачебных решений и автоматизации скрининга рака шейки матки. основано на методах машинного обучения и технического зрения.",до 100 млн.руб,pre-seed,False,,
univertus,transport & logistics,транспорт и логистика,цифровой двойник,univertus – интеллектуальная система построения цифрового двойника сотрудника для повышения эффективности управления персоналом с применением технологий ml и ai.,до 100 млн.руб,pre-seed,False,https://univertus.ru/,
око мониторинг,transport & logistics,транспорт и логистика,контроллер транспортной телематики,"универсальный контроллер транспортной телематики, выполняющий функции свыше четырёх отдельных устройств автоэлектроники: навигационного трекера, контроллера телеметрии, двухканального видеорегистратора, сенсора контроля бдительности водителя и онлайн-кабинета для управления автопарком. не требует продвинутых ит-компетенций для внедрения и предназначен для быстрого развёртывания в малых и средних автопарках.",до 100 млн.руб,раунд а,False,https://oko-monitoring.ru/,
теорема,transport & logistics,транспорт и логистика,цифровизация транспорта,"компания ""теорема"" решает проблему исключения человеческого фактора в управлении транспортом, цифровизации всех сервисов вокруг транспорта ""виртуальный транспортный оператор"". рассматривается применение искусственного интеллекта в принятии решений по управлению транспортом. данная система решит текущие проблемы в управлении транспортом (контроль топлива, замена транспорта, ремонты, страхование, маршрутизация), так и решит будущие проблемы в управлении беспилотным транспортом, т.к. проектируется для машин, а не людей. потребителями системы являются автотранспортные предприятия и предприятия, которые эксплуатируют различный транспорт. новая платформа представит собой высокотехнологичную, устойчивую к нагрузкам систему, которая консолидирует и обрабатывает данные от транспорта.",до 100 млн.руб,pre-seed,False,https://tetron.ru/,
автотрекер,transport & logistics,транспорт и логистика,управление транспортным средством,"zavgar online – облачный сервис управления транспортными средствами. его ключевые задачи – это оцифровка процесса эксплуатации автопарка, своевременное определение аномалий и управление не на ощущениях, а на цифрах. элементы системы: fms; приложение для водителя; навигационное оборудование; модуль интеграции и api.",до 100 млн.руб,раунд b,False,https://zavgar.online/,
бейстрек рус/ энерготрак,transport & logistics,транспорт и логистика,бесплитоник,"разработчик технологий беспилотных автомобилей, способных перемещаться по любому рельефу в любых погодных условиях (снег, лет). в основе решений – технология «виртуальных рельс», содержащая алгоритмы оптимального вождения и интеллектуальную систему adas, которая сканирует земную поверхность и навигирует автомобиль с учетом его параметров, погодных условий и транспортных задач.",до 100 млн.руб,pre-seed,False,https://www.basetrack.net/,
csira,transport & logistics,транспорт и логистика,анализ состояния водителя,"csira vision sdp - интеллектуальный модуль, который анализирует с помощью видеокамер состояние водителя, окружающую дорожную обстановку и оповещает об опасной ситуации. сердцем системы является отечественная разработка на основе нейронных сетей и алгоритмов машинного обучения, сочетающая инновационный подход и современный технологии.применение системы предотвращения дтп csira vision sdp позволит сократить количество ремонтов транспортных средств, их простоя, повысить дисциплину и безопасность водителей, и, как следствие, оптимизировать расходы, связанные с эксплуатацией транспортных средств.",до 100 млн.руб,pre-seed,False,https://csira.ru/,
vr concept,business intelligence,бизнес аналитика,по для работы с цифровыми моделями,"компания создает программное обеспечение для работы с цифровыми двойниками и 3d-моделями: приложение виртуального прототипирования для коллективной работы с цифровыми двойниками в виртуальной реальности. vr-concept -коробочное решение, которое интегрируется в другие системы и не требует от пользователя специальных знаний и навыков программирования.",до 100 млн.руб,pre-seed,False,https://vrconcept.net/applications/construction/,
сидиси,transport & logistics,транспорт и логистика,по для технического обслуживания тс,"программное обеспечение группы компаний сидиси предназначено для автоматизации таких бизнес-процессов, как техническое обслуживание и ремонт оборудования (тоир), мониторинг промышленного оборудования и основных производственных активов предприятия, распознавание и анализ объектов в торговле и промышленности с помощью искусственного интеллекта (машинного зрения). система обеспечивает контроль датчиков в режиме онлайн, установленных на промышленном оборудовании, которое требует постоянного мониторинга для снижения простоев и поломок. данные датчиков передаются на мобильные устройства и стационарные компьютеры ответственных лиц и позволяют оперативно реагировать на нештатные ситуации.",до 100 млн.руб,раунд а,False,https://www.cdc.ru/,
damoov,transport & logistics,транспорт и логистика,сбор телематики и gps,"компания занимается разработкой собственной мобильной sdk для сбора, анализа и обработки телематических и gps данных с мобильных устройств и различных сенсоров с последующей обработкой этих данных собственной телематической платформой. решения компании предназначены для разработчиков продуктов в сфере транспорта и мобильности (например, систем мониторинга стиля вождения, состояния автотранспорта).",до 100 млн.руб,pre-seed,False,https://www.damoov.com/,
isg neuro,transport & logistics,транспорт и логистика,прогрозирование аварий,интеллектуальная система прогноза аварий и отказов. оптимизация затрат на поддержание эсплуатационной готовности сложных технических систем за счет прогнозирования безаварийной работы и динамического расчета надежности системы с учетом изменений внешних условий.,до 100 млн.руб,pre-seed,False,https://isgneuro.ru/,
рэнера,transport & logistics,транспорт и логистика,переоборудование спец техники под электро,поставляет электронный транспорт и переоборудует специтехнику под электрическую.,до 100 млн.руб,pre-seed,False,https://renera.ru/production/special-equipment/,
starline,transport & logistics,транспорт и логистика,цифровая автомагистраль,"компания создаёт цифровую модель автомагистрали и оснащает грузовик оборудованием, которое решит задачи локализации автомобиля в пространстве, распознавания объектов и построения маршрутов движения.",до 100 млн.руб,раунд а,False,https://smartcar.starline.ru/,
trafficdata,transport & logistics,транспорт и логистика,по для транспортных систем,"компания trafficdata специализируется на разработке программного обеспечения для интеллектуальных транспортных систем на основе технологий видеоаналитики с глубоким обучением.ответ команды о полезности для urals:из выпадающего списка у нас это ""проектирование и создание ""цифровой местности"" для проверки требований техники и сотрудники с возможностью справится  с поставленной задачей"". что мы можем предложить: умный паркинг, отслеживание маршрутов транспортных средств по государственному регистрационному  знаку.",до 100 млн.руб,pre-seed,False,https://trafficdata.ru/,
skillometer,transport & logistics,транспорт и логистика,профессиональное обучение,"“skillometer” - платформа для профессионального обучения с  системой подбора образовательной траектории на основе рекомендаций нейросети. мы помогаем работодателям автоматизировать корпоративное обучение сотрудников.  работаем с компаниями, которые столкнулись со следующими ситуациями: высокая стоимость обучения; сложность перераспределения сотрудников по филиалам из-за отсутствия понимания текущего уровня их компетенций; сотрудники нарушают технику безопасности, так как не прошли обучение; оценка новых сотрудников или соискателей требует больших временных затрат. что мы делаем? переводим обучение сотрудников в онлайн режим, чтобы каждый прошел в удобное время; автоматизируем периодическую аттестацию сотрудников, включая удаленные подразделения; минимизируем риски совершения производственных ошибок и репутационных потерь.",до 100 млн.руб,pre-seed,False,https://skillometer.ru/,
channelai,transport & logistics,транспорт и логистика,автоматизация hr,"channelai - система hr-аналитики и рекомендательный сервис с элементами искусственного интеллекта по управлению и повышению эффективности источников подбора. channel ai собирает данные из ats, работных сайтов, социальных сетей и карьерного портала, связывает их между собой, формирует отчёты и показывает, использование какого канала и каким образом наиболее эффективно для закрытия вакансии. в связке с собственными модулями организационного развития и проектирования позволяет сделать процесс управления организационной структурой и кросс-функциональными командами в 6 раз быстрее и сократить трудозатраты участников процесса в среднем на 55%.",до 100 млн.руб,pre-seed,False,https://forpeople.company/,
кб аврора,transport & logistics,транспорт и логистика,автономное управление тс,компанией разработана открытая платформа для создания систем управления автономными транспортными средствами (тс) и разработка автопилота на ее основе. проект направлен на создание открытой платформы разработки систем автономного управления тс и системы управления на ее основе. платформа включает в себя средства тестирования и отладки подсистем сбора и анализа сенсорных данных и последующего принятия решений.,до 100 млн.руб,раунд а,False,https://kb-avrora.ru/,
арм,transport & logistics,транспорт и логистика,энергетический комбайн,"целью проекта является разработка энергоэффективного роботизированного зерноуборочного комбайна на основе передовых технологий и патентуемых систем. в конструкции реализованы инновационные энергосберегающие решения. в период с 2011 по 2019 год обеспечен существенный задел и проверена идея работы электрических приводов в составе сельскохозяйственной машины. достигнуты преимущества по сравнению с традиционными комбайнами, позволяющие экономить до 40% углеводородного топлива.",до 100 млн.руб,pre-seed,False,https://armmeh.ru/,
электротранспортные технологии,transport & logistics,транспорт и логистика,межскладская логистика,"компания занимается производством беспилотного электротранспорта для межскладской логистики. реализованы полностью проекты матрешка, грузовик, злектробус, электромобиль в рамках которых созданы автономные транспортные средства: автобус малого класса на 8 пассажиров, автобус на 98 пассажиров, грузовик для перевозки грузов и легковой электромобиль. вся техника обладает автономной системой управления и использует перспективные источники энергии.",до 100 млн.руб,раунд а,False,http://ev-tech.me/ru/#secondpage1,
visy task,transport & logistics,транспорт и логистика,скриниг сотрудников,разработчики программы по автоматизации скоринга сотрудников и принятия управленческих решений.,до 100 млн.руб,pre-seed,False,https://www.visytask.ru/,
сорб иннова,business intelligence,бизнес аналитика,визуализация информации,"компания «сорб иннова» ведет разработку программно-аппаратного комплекса «смартроад» для получения, обработки, хранения и визуализации информации, получаемой с детекторов транспорта. комплекс включает в себя оборудование и программное обеспечение. микроволновые технологии, применяемые в детекторах «смартроад», позволяют решать разнообразные задачи, связанные с мониторингом объектов.",до 100 млн.руб,seed,False,https://www.sorb-eng.ru/ru/projects,
xor-group,transport & logistics,транспорт и логистика,данные о водители в пути,"проект «антисон» разрабатывает технологии анализа данных о водителе в пути (в т.ч. данные о сонливости водителя, наступлении сна, отвлечения от дороги), а также предупреждения водителя. основными наработками проекта являются алгоритмы анализа данных состояния водителя в пути на базе компьютерного зрения, а также рабочий прототип прибора. основной целью развития проекта является обеспечение снижения количества происшествий по вине водителя в пути",до 100 млн.руб,раунд а,False,https://xor-group.ru/,
лаборатория умного вождения,transport & logistics,транспорт и логистика,автоматизация авто,"«лаборатория умного вождения» – российский разработчик универсальной автомобильной телематической платформы и системы lada connect. созданные в «лаборатории умного вождения» аппаратно-программные решения превращают автомобиль в подключённое к сети интернет устройство. специалисты «лаборатории умного вождения» оказывают адаптированный под каждого клиента набор услуг – от круглосуточного мониторинга состояния автомобиля и защиты от угона до анализа эксплуатационных параметров, контроля расходов и оценки безопасности вождения. страховым компаниям решения «лаборатории умного вождения» помогают провести селекцию страхового портфеля и сформировать индивидуальные страховые тарифы для клиентов. автопроизводителям и автопаркам – внедрить инновационные подходы в бизнесе.",до 100 млн.руб,pre-seed,False,https://smartdriving.io/,
ронави роботикс,transport & logistics,транспорт и логистика,роботы для транспортировки,"компания выпустила линейку роботов с разной грузоподъемностью: от 50 до 1 500 кг. разработанные роботы предназначены для транспортировки грузов, организации точек комплектации, поставок комплектующих на производственных линиях.",до 100 млн.руб,seed,False,http://ronavi-robotics.ru/,
атимо.рф,transport & logistics,транспорт и логистика,предрейсовые осмотры,"предрейсовые медицинские и технические осмотры в мобильном приложении. поиск ближайших авторизованных пунктов осмотра. все необходимые журналы онлайн. важные уточнения от фаундера:1. сейчас решение тестируется и открыты продажи на целевом клиенте такси, но оно универсально для всех категорий транспорта. 2. приложение готово для андроид в режиме тестирования (скачать пока в магазине нельзя, можем дать апк файл для тестирования). 3. мы работаем со всеми крупными производителями пак для осмотра водителей (квазар, медпоинт24) и сами разрабатываем свой (нас не устраивает то что есть на рынке).",до 100 млн.руб,pre-seed,False,https://xn--80aqmir.xn--p1ai/,
leoni,edtech,образовательные технологии,подбор внешкольного образования,сервис для подбора внешкольного образования для детей,до 100 млн.руб,pre-seed,False,,
headz,hrtech,технология найма людей,подбор разработчиков,платформa быстрого подбора проверенныхразработчиков,до 100 млн.руб,pre-seed,False,,
fiatum,web3,технология веб3,банк криптовалют,криптовалютный банк,до 100 млн.руб,pre-seed,False,,
tiadar,gaming,игровая индустрия,игра,многопользовательская онлайн-игра,до 100 млн.руб,pre-seed,False,,
adapted,edtech,образовательные технологии,повышение эффективности обучения,повышение эффективности обучения офлайн и онлайн,до 100 млн.руб,pre-seed,False,,
enjoy box,foodtech,пищевые технологии,доставка продуктво,доставка рационов,до 100 млн.руб,pre-seed,False,,
ai disraeli copywriting,ai,искусственный интеллект,копирайтинг ии,копирайтинг с помощью искусственного интеллекта,до 100 млн.руб,pre-seed,False,,
едуем,foodtech,пищевые технологии,доставка еды в поезда,доставка еды в поезда,до 100 млн.руб,pre-seed,False,,
paycon delivery,foodtech,пищевые технологии,сборка заказов для дарк стор,оборудование для сборки заказов дарксторов,до 100 млн.руб,pre-seed,False,,
vivigle,web3,технология веб3,аналитика для криптовалют,глобальная аналитическаяи рейтиновая платформадля криптовалют,до 100 млн.руб,pre-seed,False,,
muver,business software,программное обеспечение для бизнеса,повышение эффективности работы,повышение эффективности работы таксистов в агрегаторах,до 100 млн.руб,pre-seed,False,,
мой девайс,worktech,рабочая технология,подписка на девайсы,сервис подписки на девайсы для b2b,до 100 млн.руб,pre-seed,False,,
darallpro,business software,программное обеспечение для бизнеса,платформа для досатвки,it-платформа для доставки,до 100 млн.руб,pre-seed,False,,
pro control,consumer goods & services,потребительские товары и услуги,метка для товаров,некопируемая метка для товаров,до 100 млн.руб,pre-seed,False,,
ninetales,consumer goods & services,потребительские товары и услуги,редактор,графический редактор,до 100 млн.руб,pre-seed,False,,
success rockets,aero & spacetech,аэро и космические технологии,частная космическая авиация,частная космическая авиация,до 100 млн.руб,pre-seed,False,,
pizzabot,foodtech,пищевые технологии,роботизированная пиццерия,роботизированная пиццерия,до 100 млн.руб,pre-seed,False,,
smartan,fintech,финансовые технологии,платформа для оценки финансового положения малого бизнеса,платформа для оценки финансового положения малого бизнеса,до 100 млн.руб,pre-seed,False,,
selfexpert,edtech,образовательные технологии,консультации по уникальной карьерной траектории,консультации по уникальной карьерной траектории,до 100 млн.руб,pre-seed,False,,
mamapro,medtech,медицинские технологии,мобильное приложение для беременных и мам,мобильное приложение для беременных и мам,до 100 млн.руб,pre-seed,False,,
pooling,transport & logistics,транспорт и логистика,онлайн-платформа для оптимизации стоимости доставки,онлайн-платформа для оптимизации стоимости доставки,до 100 млн.руб,pre-seed,False,,
aitox,worktech,рабочая технология,биржа для фрилансеров,биржа для фрилансеров,до 100 млн.руб,pre-seed,False,,
wowcube,edtech,образовательные технологии,кубик рубика с дисплеями,кубик рубика с дисплеями,до 100 млн.руб,pre-seed,False,,
busmanity,transport & logistics,транспорт и логистика,маркетплейс автобусных поездок,маркетплейс автобусных поездок,до 100 млн.руб,pre-seed,False,,
подбор,hrtech,технология найма людей,сервис для поиска it специалистов,сервис для поиска it специалистов,до 100 млн.руб,pre-seed,False,,
hello move,legal & regtech,юриспруденция и регуляторные технологии,сервис по переезду зарубеж,сервис по переезду зарубеж,до 100 млн.руб,pre-seed,False,,
tutgood,edtech,образовательные технологии,подписка на репетиторов,подписка на репетиторов,до 100 млн.руб,pre-seed,False,,
взнания,edtech,образовательные технологии,платформа для изучения иностранных слов,платформа для изучения иностранных слов,до 100 млн.руб,pre-seed,False,,
tensy,edtech,образовательные технологии,наставники по домашним заданиям и индивидуальные мини-уроки,наставники по домашним заданиям и индивидуальные мини-уроки,до 100 млн.руб,pre-seed,False,,
izidz,edtech,образовательные технологии,сервис по помощи в решении домашних заданий,сервис по помощи в решении домашних заданий,до 100 млн.руб,pre-seed,False,,
soqol,business software,программное обеспечение для бизнеса,инновационная субд,инновационная субд,до 100 млн.руб,pre-seed,False,,
zinpa,travel,,контент для трэвел,контент для трэвел,до 100 млн.руб,pre-seed,False,,
talanty,hrtech,технология найма людей,сервис по поиску работы через поиск талантов,сервис по поиску работы через поиск талантов,до 100 млн.руб,pre-seed,False,,
inapp,legal & regtech,юриспруденция и регуляторные технологии,сервис страхования жилья,сервис страхования жилья,до 100 млн.руб,pre-seed,False,,
youtool,proptech,технология собственности,маркетплейс строительной техники,маркетплейс строительной техники,до 100 млн.руб,pre-seed,False,,
medrabotnik.online,edtech,образовательные технологии,обучение мед персонала,обучение мед персонала,до 100 млн.руб,pre-seed,False,,
трастрент,fintech,финансовые технологии,маркетплейс сервисов и решений для аренды недвижимости,маркетплейс сервисов и решений для аренды недвижимости,до 100 млн.руб,pre-seed,False,,
magic kids,edtech,образовательные технологии,интерактивное обучение через ar и vr,интерактивное обучение через ar и vr,до 100 млн.руб,pre-seed,False,,
финансист,fintech,финансовые технологии,финансовый помощник для среднего бизнеса,финансовый помощник для среднего бизнеса,до 100 млн.руб,pre-seed,False,,
instateka,fintech,финансовые технологии,агрегатор ипотечных кредитов для риэлторов,агрегатор ипотечных кредитов для риэлторов,до 100 млн.руб,pre-seed,False,,
jetlend,fintech,финансовые технологии,онлайн-кредит для бизнеса от частных инвесторов,онлайн-кредит для бизнеса от частных инвесторов,до 100 млн.руб,pre-seed,False,,
xo analytics,business intelligence,бизнес аналитика,сервис для поиска точек роста для компаний,сервис для поиска точек роста для компаний,до 100 млн.руб,pre-seed,False,,
educate online,edtech,образовательные технологии,агрегатор онлайн-школ для детей заграницей,агрегатор онлайн-школ для детей заграницей,до 100 млн.руб,pre-seed,False,,
geo wow,proptech,технология собственности,сервис по поиску помещений для прибыли,сервис по поиску помещений для прибыли,до 100 млн.руб,pre-seed,False,,
rentride,proptech,технология собственности,сервис каршеринга,сервис каршеринга,до 100 млн.руб,pre-seed,False,,
buddy.ai,edtech,образовательные технологии,обучение английскому языку через диалоги,обучение английскому языку через диалоги,до 100 млн.руб,pre-seed,False,,
meleton,edtech,образовательные технологии,платформа для создания онлайн-курсов,платформа для создания онлайн-курсов,до 100 млн.руб,pre-seed,False,,
uma,advertising & marketing,реклама и маркетинг,cpa платформа для блогеров,cpa платформа для блогеров,до 100 млн.руб,pre-seed,False,,
карусель,,,кикшеринг,кикшеринг,до 100 млн.руб,pre-seed,False,,
cyberdrone,proptech,технология собственности,всепогодный беспилотник,всепогодный беспилотник,до 100 млн.руб,pre-seed,False,,
enabla,edtech,образовательные технологии,цифровизация курсов для университетов,цифровизация курсов для университетов,до 100 млн.руб,pre-seed,False,,
читания,edtech,образовательные технологии,мобильное приложение по обучению чтению детей,мобильное приложение по обучению чтению детей,до 100 млн.руб,pre-seed,False,,
barabook,edtech,образовательные технологии,карточки для обучения,карточки для обучения,до 100 млн.руб,pre-seed,False,,
diged,edtech,образовательные технологии,платформа организации образовательных курсов для детей,платформа организации образовательных курсов для детей,до 100 млн.руб,pre-seed,False,,
cosmovisa,fintech,финансовые технологии,сервис по возврату средств от мошенников,сервис по возврату средств от мошенников,до 100 млн.руб,pre-seed,False,,
bankcreditcard,fintech,финансовые технологии,маркетплейс кредитных карт,маркетплейс кредитных карт,до 100 млн.руб,pre-seed,False,,
e-tiketka,fintech,финансовые технологии,white label платформа товарного маркетплейса для банков.,white label платформа товарного маркетплейса для банков.,до 100 млн.руб,pre-seed,False,,
volts,energy,энергетика,производство накопителя электроэнергии,производство накопителя электроэнергии,до 100 млн.руб,pre-seed,False,,
adapty,business intelligence,бизнес аналитика,аналитика для мобильных приложений,аналитика для мобильных приложений,до 100 млн.руб,pre-seed,False,,
wundershild,ai,искусственный интеллект,сервис по расследованию финансовых преступлений,сервис по расследованию финансовых преступлений,до 100 млн.руб,pre-seed,False,,
realty cloud,ai,искусственный интеллект,скоринг недвижимости на юридические риски,скоринг недвижимости на юридические риски,до 100 млн.руб,pre-seed,False,,
sovtes,transport & logistics,транспорт и логистика,снижение затрат корпораций на логистику,снижение затрат корпораций на логистику,до 100 млн.руб,pre-seed,False,,
refin.online,fintech,финансовые технологии,управление ипотекой,управление ипотекой,до 100 млн.руб,pre-seed,False,,
tag,fintech,финансовые технологии,цифровой банк,цифровой банк,до 100 млн.руб,pre-seed,False,,
puzzle english,edtech,образовательные технологии,сервис для изучения английского языка,сервис для изучения английского языка,до 100 млн.руб,pre-seed,False,,
b2btrade,,,fcmg оптовый маркетплейс,fcmg оптовый маркетплейс,до 100 млн.руб,pre-seed,False,,
finpanda,fintech,финансовые технологии,платформа для выпуска и торговли деривативами на telegram каналы,платформа для выпуска и торговли деривативами на telegram каналы,до 100 млн.руб,pre-seed,False,,
finmv,fintech,финансовые технологии,no code решения для fintech компаний,no code решения для fintech компаний,до 100 млн.руб,pre-seed,False,,
податьвсуд,legal & regtech,юриспруденция и регуляторные технологии,портал для подачи документов в суд онлайн,портал для подачи документов в суд онлайн,до 100 млн.руб,pre-seed,False,,
клауддокс,medtech,медицинские технологии,плафторма для хранения медицинских данных,плафторма для хранения медицинских данных,до 100 млн.руб,pre-seed,False,,
vilka,foodtech,пищевые технологии,цифровой официант для ресторанов и кафе,цифровой официант для ресторанов и кафе,до 100 млн.руб,pre-seed,False,,
tasty club,foodtech,пищевые технологии,агрегатор скидок от ресторанов,агрегатор скидок от ресторанов,до 100 млн.руб,pre-seed,False,,
online patent,legal & regtech,юриспруденция и регуляторные технологии,сервис для регистрации авторского права,сервис для регистрации авторского права,до 100 млн.руб,pre-seed,False,,
exedrive,advertising & marketing,реклама и маркетинг,сервис повышения эффективности маркетологов,сервис повышения эффективности маркетологов,до 100 млн.руб,pre-seed,False,,
flyvi,advertising & marketing,реклама и маркетинг,сервис для создания и публикации сторис на сайте,сервис для создания и публикации сторис на сайте,до 100 млн.руб,pre-seed,False,,
happy nappy,edtech,образовательные технологии,обучение детей в группах,обучение детей в группах,до 100 млн.руб,pre-seed,False,,
maxbonus,advertising & marketing,реклама и маркетинг,сервис для увеличения лояльности покупателей в розничных магазинах,сервис для увеличения лояльности покупателей в розничных магазинах,до 100 млн.руб,pre-seed,False,,
снтклуб,proptech,технология собственности,сервис для председателей и садоводов снт,сервис для председателей и садоводов снт,до 100 млн.руб,pre-seed,False,,
russia.study,edtech,образовательные технологии,маркетплейс российского образования для иностранных студентов,маркетплейс российского образования для иностранных студентов,до 100 млн.руб,pre-seed,False,,
gobuild,proptech,технология собственности,"ускоритель стройки, приложение для замерщиков, прорабов и строительных компаний","ускоритель стройки, приложение для замерщиков, прорабов и строительных компаний",до 100 млн.руб,pre-seed,False,,
connectedhome,proptech,технология собственности,система защиты дома,система защиты дома,до 100 млн.руб,pre-seed,False,,
oyster,edtech,образовательные технологии,умные наборы по профессиям для детей,умные наборы по профессиям для детей,до 100 млн.руб,pre-seed,False,,
naser light,proptech,технология собственности,llac лампа. новый вид лампы с расходами в 2 раза ниже,llac лампа. новый вид лампы с расходами в 2 раза ниже,до 100 млн.руб,pre-seed,False,,
arctic,greentech,зеленые технологии,баннеры на основе солнечной энергии,баннеры на основе солнечной энергии,до 100 млн.руб,pre-seed,False,,
smart wi-fi,advertising & marketing,реклама и маркетинг,функционал для точечного пуш-маркетинга в ритейле,функционал для точечного пуш-маркетинга в ритейле,до 100 млн.руб,pre-seed,False,,
реалист,advertising & marketing,реклама и маркетинг,,,до 100 млн.руб,pre-seed,False,,
varezhka,advertising & marketing,реклама и маркетинг,автопостинг в социальных сетях,автопостинг в социальных сетях,до 100 млн.руб,pre-seed,False,,
swip,advertising & marketing,реклама и маркетинг,,,до 100 млн.руб,pre-seed,False,,
delegator24,worktech,рабочая технология,удаленные сотрудники по подписке,удаленные сотрудники по подписке,до 100 млн.руб,pre-seed,False,,
anywash,proptech,технология собственности,обслуживание корпоративных автомобилей в одном сервисе,обслуживание корпоративных автомобилей в одном сервисе,до 100 млн.руб,pre-seed,False,,
inspectorcloud,retailtech,розничная торговля,система распознавания товаров - для контроля полевого персонала,система распознавания товаров - для контроля полевого персонала,до 100 млн.руб,pre-seed,False,,
bosskids,edtech,образовательные технологии,онлайн-школа финансвой грамотности для дейтей 3-17 лет,онлайн-школа финансвой грамотности для дейтей 3-17 лет,до 100 млн.руб,pre-seed,False,,
logiclike,edtech,образовательные технологии,онлайн-школа дистанционного образования для детей,онлайн-школа дистанционного образования для детей,до 100 млн.руб,pre-seed,False,,
mindset,edtech,образовательные технологии,онлайн-школа математики,онлайн-школа математики,до 100 млн.руб,pre-seed,False,,
onollo,e-commerce,электронная коммерция,сервис управления социальными сетями для интернет-магазинов,сервис управления социальными сетями для интернет-магазинов,до 100 млн.руб,pre-seed,False,,
loqstoq,e-commerce,электронная коммерция,платформа по управлению рекламой для продавцов на маркетплейсах.,платформа по управлению рекламой для продавцов на маркетплейсах.,до 100 млн.руб,pre-seed,False,,
yous.ai,ai,искусственный интеллект,веб-приложение для аудио/видео звонков со встроенным переводчиком на базе ai.,веб-приложение для аудио/видео звонков со встроенным переводчиком на базе ai.,до 100 млн.руб,pre-seed,False,,
appstorespy,business intelligence,бизнес аналитика,сервис для аналитики мобильных приложений,сервис для аналитики мобильных приложений,до 100 млн.руб,pre-seed,False,,
zipsale,e-commerce,электронная коммерция,сервис для автоматизации продаж секондхенда на маркетплейсах,сервис для автоматизации продаж секондхенда на маркетплейсах,до 100 млн.руб,pre-seed,False,,
carusel,transport & logistics,транспорт и логистика,сервис кикшеринга,сервис кикшеринга,до 100 млн.руб,pre-seed,False,,
marketguru,e-commerce,электронная коммерция,сервис аналитики wb/ozon,сервис аналитики wb/ozon,до 100 млн.руб,pre-seed,False,,
karpov courses,edtech,образовательные технологии,онлайн-школа хард-скиллов,онлайн-школа хард-скиллов,до 100 млн.руб,pre-seed,False,,
joys,fintech,финансовые технологии,сервис для оплаты по qr-кодам,сервис для оплаты по qr-кодам,до 100 млн.руб,pre-seed,False,,
everytale,media & entertainment,СМИ и развлечения,сервис для проведения онлайн-мероприятий,сервис для проведения онлайн-мероприятий,до 100 млн.руб,pre-seed,False,,
imin,advertising & marketing,реклама и маркетинг,конструктор видеоконтента для социальных сетей,конструктор видеоконтента для социальных сетей,до 100 млн.руб,pre-seed,False,,
ars smart robotics,foodtech,пищевые технологии,система автоматизации для дарксторов,система автоматизации для дарксторов,до 100 млн.руб,pre-seed,False,,
proaction,hrtech,технология найма людей,онлайн-сервис микротестирования кандидатов и сотрудников,онлайн-сервис микротестирования кандидатов и сотрудников,до 100 млн.руб,pre-seed,False,,
hcm by talenttech,transport & logistics,транспорт и логистика,,"экосистема для управления персоналом и развития талантов. интеллектуальная human capital management (hcm) платформа от talenttech поможет выявить сильные стороны сотрудников и подскажет, какие таланты стоит развивать, чтобы расти быстрее и работать эффективнее.",до 100 млн.руб,pre-seed,False,https://talenttech.ru/hcm_by_talenttech/,
сст,transport & logistics,транспорт и логистика,,"sst аса - scada-система с удалённым softlogic программированием контроллеров, industrial iot и предиктивной аналитикой на основе машинного обученияпроект позволяет прогнозировать и предупреждать возникновение аварийных ситуаций, обеспечение быстрой и адекватной реакции на возникшие аварийные ситуации",до 100 млн.руб,pre-seed,False,https://sst.ru.com/,
нвиай ресерч,transport & logistics,транспорт и логистика,,"система искусственного зрительного интеллекта для предупреждения нарушений и контроля безопасности на крупных предприятиях. в проекте разрабатывается комплекс продуктов, автоматизирующих контроль промышленной безопасности и безопасности труда. в него входят системы интеллектуальной видеоаналитики, нейросетевого распознавания идентификаторов и понимания документов, прогнозирования аварийных ситуаций, интегрируемые в единый ситуационно-аналитический центр.",до 100 млн.руб,pre-seed,False,https://nvi-solutions.ru/,
метрика,transport & logistics,транспорт и логистика,,"компания “метрика”  заявила о себе на рынке систем спутникового мониторинга транспорта в 2010 году. команда профессиональных it-программистов и разработчиков совместно с группой инженеров радиоэлектронного производства предложила эффективную и доступную по цене систему спутникового мониторинга.было организовано собственное производство оборудования, создана служба технической поддержки, которая на сегодняшний день обеспечивает высокий уровень предоставляемого сервиса.",до 100 млн.руб,pre-seed,False,https://monpro.org/o-kompanii,
акцептум,transport & logistics,транспорт и логистика,,"eva pro - новое поколение аппаратных устройств и самообучающегося по для увеличения эффективности эксплуатации тс и предвидения поломок и остановки тс. система основывается на сборе информации от штатных датчиков на тс, модулей, установленных в колесах, и стационарных систем инспекции. анализ данных происходит в соответствии с рекомендациями изготовителей тс, что позволит парку максимально эффективно использовать тс, сократив себестоимость эксплуатации тс, а также его воздействие на экологию.",до 100 млн.руб,pre-seed,False,https://tpms-eva.ru/,
evocargo,transport & logistics,транспорт и логистика,,компания разрабатывает и внедряет логистические вертикально-интегрированные сервисы с использованием электрического беспилотного транспорта собственного производства. разработан электрический автономный грузовик с возможностью заправки водородом.,до 100 млн.руб,pre-seed,False,https://evocargo.com/,
csira self-driving platform,transport & logistics,транспорт и логистика,,"csira vision sdp - интеллектуальный модуль, который анализирует с помощью видеокамер состояние водителя, окружающую дорожную обстановку и оповещает об опасной ситуации. сердцем системы является отечественная разработка на основе нейронных сетей и алгоритмов машинного обучения, сочетающая инновационный подход и современный технологии.применение системы предотвращения дтп csira vision sdp позволит сократить количество ремонтов транспортных средств, их простоя, повысить дисциплину и безопасность водителей, и, как следствие, оптимизировать расходы, связанные с эксплуатацией транспортных средств.",до 100 млн.руб,pre-seed,False,https://csira.ru/,
antor,transport & logistics,транспорт и логистика,,"онлайн-платформа для помощи предприятиям среднего и крупного бизнеса эффективно доставлять товары покупателям, контролировать транспортный парк, управлять торговыми представителями и другими мобильными сотрудниками: водителями, курьерами, сервисными инженерами. antor teammaster™ передает оптимизированные планы доставки на мобильные устройства исполнителей, позволяя им при необходимости корректировать маршруты с учетом текущей загруженности дорог.",до 100 млн.руб,pre-seed,False,https://www.antor.ru/about/,
c-cars,transport & logistics,транспорт и логистика,,"it-компания с фокусом на решения для автомобильной отрасли. разрабатывает информационную систему, которая позволит объединить всех участников автомобильного рынка и всех отраслей, связанных с автомобилями и другими транспортными средствами, осуществлять обмен данными между ними. единый инструмент для управления автопарком, связи с клиентами, обработки запросов.",до 100 млн.руб,pre-seed,False,https://c-cars.tech/,
skif.pro,transport & logistics,транспорт и логистика,,"платформа для мониторинга, диспетчеризации и контроля транспорта.",до 100 млн.руб,pre-seed,False,https://skif.pro/,
"группа т-1, ао",transport & logistics,транспорт и логистика,,системы мониторинга и управления стационарными и подвижными объектами. позволяют создать контролируемый центр движения автомобилей. представляют интегратор нескольких систем в одну с предоставлением аналитики.,до 100 млн.руб,pre-seed,False,https://www.t1-group.ru/,
иторум эм ар,transport & logistics,транспорт и логистика,,платформа совместной работы с техническим оборудованием. узнать подробнееitorum mr для работы технических специалистов на производстве и удаленных экспертов через очки дополненной реальности.,до 100 млн.руб,pre-seed,False,https://itorummr.ru/,
ubi technologies,transport & logistics,транспорт и логистика,,"разработчик решения, которое позволяет анализировать и оценивать качество вождения и вероятность возникновения дтп, а в момент аварии моментально узнавать о повреждениях.",до 100 млн.руб,pre-seed,False,https://ubitec.ru/,
линза,transport & logistics,транспорт и логистика,,видео-регистратор с голосовым помощником. способен опознать и маркировать время аварии. способен опознать столкновения автомобиля и предупредить водителя.,до 100 млн.руб,pre-seed,False,https://notanotherone.com/en/#stationary-feedback,
даталитика,transport & logistics,транспорт и логистика,,"datalytica — это команда профессионалов в области аналитики, больших данных, разработки программного обеспечения, машинного обучения и искусственного интеллекта.каждый день мы решаем бизнес-задачи известных брендов и крупных международных компаний по повышению продаж, сокращению издержек и управлению рисками.компания поставляет продукт ""предективная аналитика поломки техники"". предиктивная модель отвечает на два вопроса: что сломается и когда сломается. прогнозирование отказов оборудования осуществляется как на основе накопленных данных, так и данных, поступающих в режиме реального времени.",до 100 млн.руб,pre-seed,False,https://datalytica.ru/fault_prediction,
проект а,transport & logistics,транспорт и логистика,,"компания занимается разработкой оборудования и программного обеспечения для автоматизации, мониторинга и увеличения эффективности транспорта. решения компании позволяют контролировать местоположение транспорта, отслеживать его состояние, управлять логистикой и регламентным обслуживанием, устанавливать системы видеорегистрации и видеоаналитики.",до 100 млн.руб,pre-seed,False,https://prk-a.ru/,
luxms bi,transport & logistics,транспорт и логистика,,"решение для бизнес-анализа, которое учитывает специфику транспортной отрасли и обеспечивает многофакторный анализ исполнения планов для географически распределённых предприятий, ситуационный мониторинг и контроль для оперативного управления, цифровизацию системы управления, перевод в полный онлайн режим.",до 100 млн.руб,pre-seed,False,https://luxmsbi.com/resheniya/transport/,
дживиэй,transport & logistics,транспорт и логистика,,"продукт - библиотека для создания lifestyle приложений для носимых устройств на основе нейросетевых моделей машинного обучения. целевой сегмент - крупные технологические компании, производители носимых устройств. модель коммерциализации - продажа интеллектуальной собственности и сервисная модель по ее адаптации под задачи заказчика. разработана система диагностики и предсказания поломки транспортного средства по звуку с использованием нейронных сетей и предективной аналитики.",до 100 млн.руб,pre-seed,False,https://mil-team.ru/product/neurha,
evm pro,transport & logistics,транспорт и логистика,,"создали прототип грузоэлектромобиля. бортовая электроника собственного производства. проведя глубинное исследование рынка внутригородских перевозок, уже в феврале 2022 г. компания представила первый российский электрогрузомобиль evm pro. этот компактный elcv, выполненный на базе шасси уаз профи, - соответствует самым актуальным запросам рынка.",до 100 млн.руб,pre-seed,False,https://evm.eco/,
из-картэкс имени п.г.коробкова,transport & logistics,транспорт и логистика,,"первый электрический работающий эсковатор. экскаватор стал первой электрической машиной отечественного производства в парке горной техники гока, что важно в условиях жестких экономических санкций.",до 100 млн.руб,pre-seed,False,ссылка,
реалтрак технолоджис,transport & logistics,транспорт и логистика,,"realtrac - это система промышленной безопасности в основе которой лежит позиционирование объектов в пространстве (человек, транспорт, груз) с помощью локальной системы позиционирования собственной разработки. разработанная технология и запатентованный метод определения местоположения объекта позволяют определить местоположение объекта, оснащенного радиоузлом (меткой) с точностью до 1 метра и менее. это позволяет определять местоположение персонала, техники и других объектов, оснащенных метками в шахтах, карьерах, на складах, в производственных цехах",до 100 млн.руб,pre-seed,False,https://real-trac.com/ru/,
фк системс,transport & logistics,транспорт и логистика,,"периферической гемодинамики, регистрируемой с поверхности кожи лица, стандартной (компьютер, планшет, смартфон и др.) пользовательской веб-камерой. система решает задачу бесконтактной диагностики состояния человека, его психофизиологических характеристик и контроля за жизненно важными показателями для медицинских консультаций и динамического наблюдения.в основе метода телемониторинга лежит анализ изменений глубины цвета по каждому пикселю изображения лица в зависимости от интенсивности кровотока в сосудах кожи. по полученной картине периферической гемодинамики вычисляются показатели функционального состояния организма: чсс, давление, дыхание.ведутся работы по созданию платформы цифровой интерактивной медицины, основанной на технологиях дистанционного бесконтактного мониторинга. создан апк мониторинга в режиме реального времени психофизиологического состояния работника (водителя, оператора).",до 100 млн.руб,pre-seed,False,https://navigator.sk.ru/orn/1122599,
фор,transport & logistics,транспорт и логистика,,"система «флоуком» – это облачное программное обеспечение, разработанное для пользователей, которым важно поддерживать эксплуатируемое оборудование, инженерные системы на надлежащем уровне (отсутствие отказов, поломок) с максимальной эффективностью (минимизация трудовых ресурсов, запчастей, замен оборудования).",до 100 млн.руб,pre-seed,False,https://robotoir.ru/,
ситипоинт,transport & logistics,транспорт и логистика,,"инструменты citypoint проконтролируют и проинформируют о нецелевом использовании техники, о долгой работе на холостом ходу, превышении допустимых норм расхода топлива и подозрительных действиях сотрудников.  сводная аналитика и специализированные отчёты фиксируют фактическое время работы механизмов и агрегатов техники и расход топлива на объектах. полученные данные помогают оценить эффективность использования текущих ресурсов и сформировать грамотную стратегию по развитию предприятия.",до 100 млн.руб,pre-seed,False,https://citypoint.ru/solutions/special-machinery-control/,
пайм,transport & logistics,транспорт и логистика,,"pime разрабатывает средства отображения информации в режиме дополненной реальности.мы разработали умную каску, которая может быть использована для удаленной связи с сотрудниками, контроля их деятельности, а также фиксации процессов. разработали ar модули, которыми дооснащается умная каска для отображения информации в режиме дополненной реальности.",до 100 млн.руб,pre-seed,False,https://pime.tech/,
филдбит рус,transport & logistics,транспорт и логистика,,"ieldbit – промышленная платформа класса «цифровой рабочий», обеспечивающая эффективное выполнение и контроль работ по диагностике,обслуживанию и ремонтам в дополненной реальности и накопление практических цифровых компетенций. на выполненных заказах измерены положительные показатели снижения времени простоя оборудования, минимизации производственных потерь, выездов и транспортных расходов. основная цель – усовершенствование программного обеспечения и его практическое применение на производствах",до 100 млн.руб,pre-seed,False,https://navigator.sk.ru/orn/1122563,
trafficdata,transport & logistics,транспорт и логистика,,"компания trafficdata специализируется на разработке программного обеспечения для интеллектуальных транспортных систем на основе технологий видеоаналитики с глубоким обучением.ответ команды о полезности для urals:из выпадающего списка у нас это ""проектирование и создание ""цифровой местности"" для проверки требований техники и сотрудники с возможностью справится  с поставленной задачей"". что мы можем предложить: умный паркинг, отслеживание маршрутов транспортных средств по государственному регистрационному  знаку.",до 100 млн.руб,pre-seed,False,https://trafficdata.ru/,
аск-памм,transport & logistics,транспорт и логистика,,смарт-платформа предупреждения неисправностей и оценки технического состояния транспортных средств. в усгули компании входит:предупреждения неисправностей агрегатов;повышение эффективности эксплуатации техники;оценка уровня остаточного ресурса техники.,до 100 млн.руб,pre-seed,False,https://ask-glonass.ru/pamm,
carvis,transport & logistics,транспорт и логистика,,компания разработала уникальную систему мониторинга состояния водителя и дорожной обстановки dsm-adas и в данный момент активно её коммерциализирует на рынке.,до 100 млн.руб,pre-seed,False,https://carvis.org/publikacii/sistema-monitoringa-sostoyaniya-voditelya-i-dorozhnoj-obstanovki-dsm-adas-2,
фгуп «нами»,transport & logistics,транспорт и логистика,,"тестирует и выполняет заказы на ряд продуктов: беспилотные легковые автомобили, беспилотные грузовики, грузовики на водородном топливе.",до 100 млн.руб,pre-seed,False,,
навител мониторинг,transport & logistics,транспорт и логистика,,"навител мониторинг — многофункциональная интеллектуальная система мониторинга транспорта и других подвижных объектов. система позволяет в онлайн-режиме определять точные координаты местоположения автомобиля, маршрут его передвижения и другие важные параметры, такие как пробег, скорость, расход топлива и направление движения.",до 100 млн.руб,pre-seed,False,https://navitel.ru/ru/monitoring,
гк стройтехмаш,transport & logistics,транспорт и логистика,,"произвосдвто контейнерной и модульной азс, также присутсвуют безоператорные азс.",до 100 млн.руб,pre-seed,False,https://azs-mini.ru/,
гарвекс,transport & logistics,транспорт и логистика,,"модульная азс или топливозаправочный пункт — это установка, которая позволяет заправлять технику и хранить необходимый запас топлива. модульные азс позволяют компаниям любого уровня лучше контролировать использование топлива, повысить эффективность автопарка и приблизить место заправки к месту использования техники.модульная азс (мазс) применяется на предприятиях, строительных площадках, там, где есть необходимость в автономной заправке техники с соблюдением всех необходимых норм и правил.",до 100 млн.руб,pre-seed,False,https://garveks.ru/production/fuel-modules/open-mazs,
smartmaintenance,transport & logistics,транспорт и логистика,,"решение основанное на машинном обучении  для мониторинга и предиктивного анализа технического состояния оборудования, оптимизации процессов ремонта и обслуживания.",до 100 млн.руб,pre-seed,False,https://ctrl2go.solutions/solutions/smart-maintenance/,
veeroute,transport & logistics,транспорт и логистика,,veeroute разрабатывает программный софт для решения сложных оптимизационных задач в логистике. в основе технологии лежат алгоритмы оптимизации с управляющими элементами ai (искусственный интеллект) и гибкая модульная структура данных.,до 100 млн.руб,pre-seed,False,https://veeroute.com/challenges/long-haul-delivery-and-multimodal-transportation/,
агроглобал телеком,transport & logistics,транспорт и логистика,,"разработка бюджетного устройства спутниковой системы навигации и определения географических координат объектов и параллельного движения, с возможностью использования как базовой станции для работы в местах, где нет покрытия gsm-сетей, так и в виде ровера для точного земледелия, автоматического подруливания и создания беспилотных сельхозмашин. создан прототип антенны, разрабатывается мобильное приложение для удаленной настройки конфигурации, имеются патенты на изобретение, пром. образец и по.синергия с компанией следущая: компания создала не беспилотную агро-технику, а переформатировала уже существующую. с разработанной системой и опытом ее настройки способна переформатировать и производственную тезхнику для перемещения по небольшой территории.",до 100 млн.руб,pre-seed,False,https://www.agroglobal.pro/,
айронсистемс,transport & logistics,транспорт и логистика,,"автоматическая топливораздаточная колонка с терминалом самообслуживания может быть одностороннего (в случае, если терминал находится только с одной стороны колонки), или двустороннего исполнения. для отображения информации водителю применяется жк-дисплей. заправка автомобиля проводится водителем самостоятельно, в соответствии с назначенным ему персональным лимитом, или лимитом, заданным для его автомобиля (в том случае, если единицей учета выступает техника, а не водители). идентификация водителя или его автомобиля при заправке происходит при помощи бесконтактной пластиковой карты.",до 100 млн.руб,pre-seed,False,https://iron-systems.ru/avtomaticheskaya-vedomstvennaya-azs/,
аркан,transport & logistics,транспорт и логистика,,"в базовой комплектации уже предусмотрен контроль всех основных показателей:местоположение, пробеги, маршруты, въезд/выезд из заданной геозоныданные о стоянках, движении и простое на холостом ходуинформация о межсервисных интервалах, контроль моточасов удаленная блокировка двигателядатчики уровня топлива: контроль заправок и сливовданные по транспортному средству с детализацией по водителям с опцией «идентификация водителя»",до 100 млн.руб,pre-seed,False,https://arkan.ru/msk/products/monitoring-transporta/,
айфлаксибл,transport & logistics,транспорт и логистика,,glazz - проект российской автономной гарнитуры дополненной реальности для открытых пространств (с динамическим затемнением) с фокусом на использование в корпоративной среде и промышленности.решаемые проблемы:- удалённого управления оборудованием- обучения персонала- ассистирования в реальном времени- совместной работы над цифровыми двойниками оборудования на цифровизированных производственных и промышленных предприятиях.,до 100 млн.руб,pre-seed,False,http://glazz.tech/,
цифровой двойник,transport & logistics,транспорт и логистика,,"компания фора роботикс на протяжении последних 3 лет специализируется на разработке цифровых двойников и bim-моделей в промышленном сегменте. за это время успели посотрудничать с предприятиями тмх холдинга и роскосмоса (всего 12 заказчиков). в продуктовую линейку vr входят услуги по: создание полной трехмерной модели  действующего предприятия, проектирование вновь создаваемых производственных объектов, обратный инжинирин.",до 100 млн.руб,pre-seed,False,https://www.forarobotics.ru/,
аритмос,transport & logistics,транспорт и логистика,,"платформа для определения максимально эффективного графика для персонала. система создает миллионы версий рабочих графиков для представления лучшего результата, принимая во внимание:- все созданные расписания соответствуют «жестким» параметрам (если так теоретически возможно);- все созданные расписания максимально приближены к «мягким» параметрам.каждый созданный график получает рейтинг, на основании выполнения «жестких» параметров и большинству «мягких». максимальный рейтинг - это оптимальное расписание.процесс оптимизации для 20 сотрудников на один месяц занимает примерно 30 секунд.",до 100 млн.руб,pre-seed,False,https://aritmos.ru/,
прагма,transport & logistics,транспорт и логистика,,"ооо «прагма» один из ведущих разработчиков ит-решений в области управления инвестиционно-строительными проектами. по компании позволяет его пользователям осуществлять оперативное управление рисками на всех этапах строительства, контролировать текущее состояние и определять отклонения/опережение от планируемых сроков, следить за качеством объекта строительства, осуществлять контроль за исполнением бюджета и его анализ.",до 100 млн.руб,pre-seed,False,https://pragma.info/,
gtlogistics,transport & logistics,транспорт и логистика,,"gtlogistics на рынке автоматизации складской и транспортной логистики разрабатывает и внедряет 3 программных продукта. gtstock - управление складом (wms), gtroute - автопостроение маршрутов и gtdrive - контроль перевозок (tms).особый интерес представляет алгоритм построения маршрутов, это уникальное решение, над которым работали профессора математики и шахматисты. он позволяет строить маршруты эффективнее и быстрее логистов и может внедрятся как отдельный продукт gtalgo.",до 100 млн.руб,pre-seed,False,https://gt-logistics.ru/,
визорлабс,transport & logistics,транспорт и логистика,,"платформа видеоаналитики visorlabs позволяет создать автоматизированную систему контроля соблюдения требований техники безопасности (ношение сиз, соблюдение правил проведения работ) и предотвращения случаев производственного травматизма. экономический эффект от внедрения системы состоит из: снижения расходов на контроль пб и тб при повышении эффективности контроля; сокращения расходов на штрафы и компенсации по травматизму; сокращению потерь из-за ремонтов и простоя оборудования. система автоматически анализирует видеопотоки с камер наблюдения, регистрирует нарушения в области пб и тб, контролирует комплектность бригад и их численность в соответствии с заказ-нарядами.",до 100 млн.руб,pre-seed,False,https://vizorlabs.ru/,
biometric labs,transport & logistics,транспорт и логистика,,"разработчик акустических датчиков и систем обработки акустических сигналов на основе искусственного интеллекта для различных отраслей: промышленность, жкх, fintech, медицина, транспорт и другие. среди решений компании – системы голосовой биометрии, обнаружения утечек в трубопроводах, раннего диагностирования заболеваний легких и сердца, выявления неисправностей в автомобиле по звуку.",до 100 млн.руб,pre-seed,False,http://www.biometriclabs.ru/,
consyst smart service,transport & logistics,транспорт и логистика,,"разработчик умного сервиса прогноза поломки оборудования. использование системы машинного обучения позволяет рассчитать время и вероятность отказа и своевременно выполнить необходимые ремонтные работы. предотвратить поломку до отказа оборудования – это ключевая задача, на решение которой направлены основные усилия ремонтных подразделений. consyst smart service подскажет, что выйдет из строя, когда и по какой причине.",до 100 млн.руб,pre-seed,False,https://smartservice.cbgr.ru/,
дст-урал,transport & logistics,транспорт и логистика,,"сделал функционирующий робот-бульдозер и показал на выставке. у робота нет кабины, управлять работой бульдозера можно либо по радиоканалу со специального пульта, оснащённого парой джойстиков, либо с помощью беспилотной системы.в число преимуществ беспилотных бульдозеров в частности и беспилотной техники в целом входят:экономичность по отношению к топливу, которая достигается за счёт сокращения лишних «телодвижений»;повышение скорости работы;увеличение времени работы (роботизированной машине не нужно отдыхать, обедать или делать пересменок);возможность обслуживать сразу несколько единиц техники с помощью одного оператора.",до 100 млн.руб,pre-seed,False,,
проект 80,transport & logistics,транспорт и логистика,,"завод ""урал"" представил беспилотный грузовик. новинка построена на базе полноприводного шасси урал-432067–73 и способна преодолевать брод глубиной в 70 см. позади расположили грузовую платформу без бортов, на ней можно закрепить до 5 тонн груза.представленный образец выкрашен в два цвета: левая сторона в оранжевом, что символизирует эксплуатацию в гражданских целях. правая же сторона носит традиционный для транспорта минобороны тёмно-зелёный окрас.",до 100 млн.руб,pre-seed,False,,
